"Name","Vendor","comName"
"HP EliteBook 840 14 inch G9 Notebook PC","HP","GJPC-0439.aus.gjames.com.au"
"HP Elite Dragonfly G2 Notebook PC","HP","GJLT-1601.aus.gjames.com.au"
"HP Elite Dragonfly G2 Notebook PC","HP","GJLT-1601.aus.gjames.com.au"
"30BGS2WJ00","LENOVO","GJPC-0503.aus.gjames.com.au"
"30BGS2WJ00","LENOVO","GJPC-0503.aus.gjames.com.au"
"HP EliteBook x360 1040 G8 Notebook PC","HP","GJPC-0452.aus.gjames.com.au"
"HP EliteBook 840 G8 Notebook PC","HP","GJLT-1683.aus.gjames.com.au"
"HP EliteBook 840 G8 Notebook PC","HP","GJPC-0454.aus.gjames.com.au"
"HP EliteBook 840 G8 Notebook PC","HP","GJPC-0454.aus.gjames.com.au"
"HP EliteBook 840 14 inch G9 Notebook PC","HP","GJLT-1433.aus.gjames.com.au"
"HP EliteBook 840 14 inch G9 Notebook PC","HP","GJPC-0270.aus.gjames.com.au"
"HP EliteBook 840 14 inch G9 Notebook PC","HP","GJLT-1409.aus.gjames.com.au"
"HP EliteBook 840 14 inch G9 Notebook PC","HP","GJLT-1409.aus.gjames.com.au"
"HP EliteBook 840 G8 Notebook PC","HP","GJLT-1656.aus.gjames.com.au"
"HP EliteBook x360 1040 G8 Notebook PC","HP","GJPC-0452.aus.gjames.com.au"
"20HCS0K100","LENOVO","GJLT-0549.aus.gjames.com.au"
"HP EliteBook 840 14 inch G9 Notebook PC","HP","GJPC-0417.aus.gjames.com.au"
"HP EliteBook 840 14 inch G9 Notebook PC","HP","GJPC-0417.aus.gjames.com.au"
"10M7S0L900","LENOVO","GJWS-0384.aus.gjames.com.au"
"10M7S0L900","LENOVO","GJWS-0384.aus.gjames.com.au"
"HP Z240 SFF Workstation","HP","GJWS-4053.aus.gjames.com.au"
"HP Z240 SFF Workstation","HP","GJWS-4053.aus.gjames.com.au"
"HP EliteBook 840 G8 Notebook PC","HP","GJLT-1665.aus.gjames.com.au"
"HP Elite SFF 800 G9 Desktop PC","HP","GJPC-0479.aus.gjames.com.au"
"HP ZBook Fury 16 G9 Mobile Workstation PC","HP","GJPC-0424.aus.gjames.com.au"
"HP ZBook Fury 16 G9 Mobile Workstation PC","HP","GJPC-0424.aus.gjames.com.au"
"HP EliteBook 840 G8 Notebook PC","HP","GJLT-1665.aus.gjames.com.au"
"HP EliteBook 840 G8 Notebook PC","HP","GJLT-1665.aus.gjames.com.au"
"20HCS0K100","LENOVO","GJLT-0549.aus.gjames.com.au"
"20HCS0K100","LENOVO","GJLT-0549.aus.gjames.com.au"
"HP ZBook Fury 16 G9 Mobile Workstation PC","HP","GJPC-0424.aus.gjames.com.au"
"HP ZBook Fury 16 G9 Mobile Workstation PC","HP","GJPC-0424.aus.gjames.com.au"
"HP Elite x360 1040 14 inch G9 2-in-1 Notebook PC","HP","GJPC-0464.aus.gjames.com.au"
"HP Elite x360 1040 14 inch G9 2-in-1 Notebook PC","HP","GJPC-0464.aus.gjames.com.au"
"20Q5S0CN00","LENOVO","GJLT-1581.aus.gjames.com.au"
"20Q5S0CN00","LENOVO","GJLT-1581.aus.gjames.com.au"
"HP ZBook Fury 15.6 inch G8 Mobile Workstation PC","HP","GJLT-1640.aus.gjames.com.au"
"HP ZBook Fury 15.6 inch G8 Mobile Workstation PC","HP","GJLT-1640.aus.gjames.com.au"
"30BGS19800","LENOVO","GJWS-0339.aus.gjames.com.au"
"30BGS19800","LENOVO","GJWS-0339.aus.gjames.com.au"
"HP ZBook Fury 16 G9 Mobile Workstation PC","HP","GJPC-0424.aus.gjames.com.au"
"10M7S0L900","LENOVO","GJPC-0495.aus.gjames.com.au"
"10M7S0L900","LENOVO","GJWS-0439.aus.gjames.com.au"
"20J5S24500","LENOVO","GJLT-1029.aus.gjames.com.au"
"20J5S24500","LENOVO","GJLT-1029.aus.gjames.com.au"
"HP ZBook Fury 15.6 inch G8 Mobile Workstation PC","HP","GJLT-1641.aus.gjames.com.au"
"HP ZBook Fury 15.6 inch G8 Mobile Workstation PC","HP","GJLT-1641.aus.gjames.com.au"
"20J5S24500","LENOVO","GJLT-0868.aus.gjames.com.au"
"20J5S24500","LENOVO","GJLT-0868.aus.gjames.com.au"
"10M7S0L900","LENOVO","GJWS-0742.aus.gjames.com.au"
"10M7S0L900","LENOVO","GJWS-1135.aus.gjames.com.au"
"HP EliteBook 840 14 inch G9 Notebook PC","HP","GJPC-0473.aus.gjames.com.au"
"HP EliteBook 840 14 inch G9 Notebook PC","HP","GJPC-0473.aus.gjames.com.au"
"10M7S0L900","LENOVO","GJWS-0402.aus.gjames.com.au"
"HP EliteBook 840 14 inch G9 Notebook PC","HP","GJPC-0450.aus.gjames.com.au"
"HP EliteBook 840 14 inch G9 Notebook PC","HP","GJPC-0450.aus.gjames.com.au"
"10M7S0L900","LENOVO","GJWS-1069.aus.gjames.com.au"
"HP EliteBook x360 1040 G8 Notebook PC","HP","GJLT-1432.aus.gjames.com.au"
"HP EliteBook x360 1040 G8 Notebook PC","HP","GJLT-1432.aus.gjames.com.au"
"20Q5S0CN00","LENOVO","GJLT-1548.aus.gjames.com.au"
"10M7S0L900","LENOVO","GJWS-0734.aus.gjames.com.au"
"10M7S0L900","LENOVO","GJPC-0233.aus.gjames.com.au"
"HP EliteBook 840 14 inch G9 Notebook PC","HP","GJPC-0381.aus.gjames.com.au"
"HP EliteBook 840 14 inch G9 Notebook PC","HP","GJPC-0381.aus.gjames.com.au"
"30BGS4EE00","LENOVO","GJWS-0879.aus.gjames.com.au"
"30BGS4EE00","LENOVO","GJWS-0879.aus.gjames.com.au"
"HP EliteBook 840 14 inch G9 Notebook PC","HP","GJPC-0359.aus.gjames.com.au"
"HP EliteBook 840 14 inch G9 Notebook PC","HP","GJPC-0359.aus.gjames.com.au"
"HP Z240 SFF Workstation","HP","GJWS-0576.aus.gjames.com.au"
"HP Z240 SFF Workstation","HP","GJWS-0576.aus.gjames.com.au"
"30BGS2WJ00","LENOVO","GJWS-1095.aus.gjames.com.au"
"30BGS2WJ00","LENOVO","GJWS-1095.aus.gjames.com.au"
"20J5S24500","LENOVO","GJPC-0286.aus.gjames.com.au"
"20J5S24500","LENOVO","GJPC-0286.aus.gjames.com.au"
"30BGS19800","LENOVO","GJWS-1090.aus.gjames.com.au"
"30BGS19800","LENOVO","GJWS-1090.aus.gjames.com.au"
"10M7S0L900","LENOVO","GJWS-0864.aus.gjames.com.au"
"30BGS19800","LENOVO","GJWS-0355.aus.gjames.com.au"
"HP Z240 SFF Workstation","HP","GJWS-0573.aus.gjames.com.au"
"HP Z240 SFF Workstation","HP","GJWS-0573.aus.gjames.com.au"
"30CYS0U500","LENOVO","GJWS-1546.aus.gjames.com.au"
"30CYS0U500","LENOVO","GJWS-1546.aus.gjames.com.au"
"HP Z240 SFF Workstation","HP","GJWS-4042.aus.gjames.com.au"
"HP Z240 SFF Workstation","HP","GJWS-4042.aus.gjames.com.au"
"HP Z240 SFF Workstation","HP","GJWS-0585.aus.gjames.com.au"
"HP Z240 SFF Workstation","HP","GJWS-0585.aus.gjames.com.au"
"10M7S0L900","LENOVO","GJWS-0788.aus.gjames.com.au"
"20J5S24500","LENOVO","GJLT-0876.aus.gjames.com.au"
"20J5S24500","LENOVO","GJLT-1074.aus.gjames.com.au"
"20J5S24500","LENOVO","GJLT-1074.aus.gjames.com.au"
"HP ProDesk 600 G6 Small Form Factor PC","HP","GJWS-1634.aus.gjames.com.au"
"HP ProDesk 600 G6 Small Form Factor PC","HP","GJWS-1634.aus.gjames.com.au"
"20HCS0K100","LENOVO","GJLT-0326.aus.gjames.com.au"
"20HCS0K100","LENOVO","GJLT-0326.aus.gjames.com.au"
"10M7S0L900","LENOVO","GJWS-1174.aus.gjames.com.au"
"10M7S0L900","LENOVO","GJPC-0406.aus.gjames.com.au"
"HP EliteBook 840 G8 Notebook PC","HP","GJLT-1652.aus.gjames.com.au"
"HP EliteBook 840 G8 Notebook PC","HP","GJLT-1652.aus.gjames.com.au"
"HP EliteBook 840 14 inch G9 Notebook PC","HP","GJLT-1415.aus.gjames.com.au"
"HP EliteBook 840 14 inch G9 Notebook PC","HP","GJLT-1415.aus.gjames.com.au"
"20J5S24500","LENOVO","GJLT-0719.aus.gjames.com.au"
"20J5S24500","LENOVO","GJLT-1054.aus.gjames.com.au"
"20J5S24500","LENOVO","GJLT-1054.aus.gjames.com.au"
"HP EliteBook 840 14 inch G9 Notebook PC","HP","GJPC-0392.aus.gjames.com.au"
"HP EliteBook 840 14 inch G9 Notebook PC","HP","GJPC-0392.aus.gjames.com.au"
"30BGS19800","LENOVO","GJWS-0978.aus.gjames.com.au"
"30BGS19800","LENOVO","GJWS-0978.aus.gjames.com.au"
"10M7S0L900","LENOVO","GJWS-0947.aus.gjames.com.au"
"10M7S0L900","LENOVO","GJWS-0947.aus.gjames.com.au"
"20HCS0K100","LENOVO","GJLT-0346.aus.gjames.com.au"
"10M7S0L900","LENOVO","GJWS-0444.aus.gjames.com.au"
"20HCS0K100","LENOVO","GJLT-0521.aus.gjames.com.au"
"20HCS0K100","LENOVO","GJLT-0521.aus.gjames.com.au"
"20HCS0K100","LENOVO","GJLT-0521.aus.gjames.com.au"
"30BGS19800","LENOVO","GJWS-0587.aus.gjames.com.au"
"30BGS19800","LENOVO","GJWS-0587.aus.gjames.com.au"
"20HCS0K100","LENOVO","GJLT-0318.aus.gjames.com.au"
"20HCS0K100","LENOVO","GJLT-0318.aus.gjames.com.au"
"20HCS0K100","LENOVO","GJLT-0358.aus.gjames.com.au"
"20HCS0K100","LENOVO","GJLT-0358.aus.gjames.com.au"
"20HCS0K100","LENOVO","GJLT-0358.aus.gjames.com.au"
"HP EliteBook 840 14 inch G9 Notebook PC","HP","GJPC-0395.aus.gjames.com.au"
"HP EliteBook 840 14 inch G9 Notebook PC","HP","GJPC-0395.aus.gjames.com.au"
"HP EliteBook 840 G8 Notebook PC","HP","GJLT-1664.aus.gjames.com.au"
"HP EliteBook 840 G8 Notebook PC","HP","GJLT-1664.aus.gjames.com.au"
"10M7S0L900","LENOVO","GJWS-0968.aus.gjames.com.au"
"10M7S0L900","LENOVO","GJWS-0954.aus.gjames.com.au"
"HP EliteBook 840 14 inch G9 Notebook PC","HP","GJPC-0273.aus.gjames.com.au"
"HP EliteBook 840 14 inch G9 Notebook PC","HP","GJPC-0273.aus.gjames.com.au"
"HP Zbook Fury 15.6 inch G8 Mobile Workstation PC","HP","GJPC-0335.aus.gjames.com.au"
"HP Zbook Fury 15.6 inch G8 Mobile Workstation PC","HP","GJPC-0335.aus.gjames.com.au"
"HP EliteBook 840 14 inch G9 Notebook PC","HP","GJPC-0372.aus.gjames.com.au"
"HP EliteBook 840 14 inch G9 Notebook PC","HP","GJPC-0372.aus.gjames.com.au"
"HP EliteBook 840 14 inch G9 Notebook PC","HP","GJLT-1416.aus.gjames.com.au"
"HP EliteBook 840 14 inch G9 Notebook PC","HP","GJLT-1416.aus.gjames.com.au"
"20N6S04A00","LENOVO","GJLT-1587.aus.gjames.com.au"
"20J5S24500","LENOVO","GJLT-0574.aus.gjames.com.au"
"20J5S24500","LENOVO","GJLT-0574.aus.gjames.com.au"
"20J5S24500","LENOVO","GJLT-1034.aus.gjames.com.au"
"20J5S24500","LENOVO","GJLT-1034.aus.gjames.com.au"
"20J5S24500","LENOVO","GJLT-1025.aus.gjames.com.au"
"20J5S24500","LENOVO","GJLT-1025.aus.gjames.com.au"
"10M7S0L900","LENOVO","GJWS-0987.aus.gjames.com.au"
"10M7S0L900","LENOVO","GJWS-0445.aus.gjames.com.au"
"HP EliteBook 840 14 inch G9 Notebook PC","HP","GJPC-0386.aus.gjames.com.au"
"HP EliteBook 840 14 inch G9 Notebook PC","HP","GJPC-0386.aus.gjames.com.au"
"20HCS0K100","LENOVO","GJLT-0349.aus.gjames.com.au"
"20HCS0K100","LENOVO","GJLT-0349.aus.gjames.com.au"
"HP Z240 SFF Workstation","HP","GJWS-1234.aus.gjames.com.au"
"IC3D Series 3.4","Central Innovation","GJWS-4016.aus.gjames.com.au"
"IC3D Series 3.4","Central Innovation","GJWS-4016.aus.gjames.com.au"
"30BGS19800","LENOVO","GJWS-0355.aus.gjames.com.au"
"10M7S0L900","LENOVO","GJWS-0757.aus.gjames.com.au"
"HP EliteBook 840 G8 Notebook PC","HP","GJLT-1423.aus.gjames.com.au"
"HP EliteBook 840 G8 Notebook PC","HP","GJLT-1423.aus.gjames.com.au"
"HP EliteBook x360 1040 G8 Notebook PC","HP","GJLT-1616.aus.gjames.com.au"
"HP EliteBook x360 1040 G8 Notebook PC","HP","GJLT-1616.aus.gjames.com.au"
"Surface Book 3","Microsoft Corporation","GJTA-GJLT-4064.aus.gjames.com.au"
"30BGS19800","LENOVO","GJWS-4032.aus.gjames.com.au"
"30BGS19800","LENOVO","GJWS-4032.aus.gjames.com.au"
"10M7S0L900","LENOVO","GJWS-0949.aus.gjames.com.au"
"10M7S0L900","LENOVO","GJWS-0704.aus.gjames.com.au"
"HP EliteBook x360 1040 G8 Notebook PC","HP","GJLT-1662.aus.gjames.com.au"
"HP EliteBook x360 1040 G8 Notebook PC","HP","GJLT-1662.aus.gjames.com.au"
"HP EliteBook 840 14 inch G9 Notebook PC","HP","GJPC-0427.aus.gjames.com.au"
"HP EliteBook 840 14 inch G9 Notebook PC","HP","GJPC-0427.aus.gjames.com.au"
"HP Elite x360 830 13 inch G9 2-in-1 Notebook PC","HP","GJPC-0297.aus.gjames.com.au"
"HP Elite x360 830 13 inch G9 2-in-1 Notebook PC","HP","GJPC-0297.aus.gjames.com.au"
"HP EliteBook x360 1040 G8 Notebook PC","HP","GJLT-1645.aus.gjames.com.au"
"HP EliteBook x360 1040 G8 Notebook PC","HP","GJLT-1687.aus.gjames.com.au"
"HP EliteBook x360 1040 G8 Notebook PC","HP","GJLT-1687.aus.gjames.com.au"
"10M7S0L900","LENOVO","GJWS-1139.aus.gjames.com.au"
"10M7S0L900","LENOVO","GJWS-1131.aus.gjames.com.au"
"10M7S0L900","LENOVO","GJWS-0558.aus.gjames.com.au"
"HP EliteBook 840 14 inch G9 Notebook PC","HP","GJPC-0165.aus.gjames.com.au"
"HP EliteBook 840 14 inch G9 Notebook PC","HP","GJPC-0165.aus.gjames.com.au"
"HP EliteBook 840 14 inch G9 Notebook PC","HP","GJLT-1417.aus.gjames.com.au"
"HP EliteBook 840 14 inch G9 Notebook PC","HP","GJLT-1417.aus.gjames.com.au"
"20HMS04600","LENOVO","GJLT-0382.aus.gjames.com.au"
"30BGS19800","LENOVO","GJWS-0588.aus.gjames.com.au"
"30BGS19800","LENOVO","GJWS-0588.aus.gjames.com.au"
"10M7S0L900","LENOVO","GJWS-0935.aus.gjames.com.au"
"10M7S0L900","LENOVO","GJWS-0792.aus.gjames.com.au"
"10M7S0L900","LENOVO","GJWS-0948.aus.gjames.com.au"
"20HCS0K100","LENOVO","GJLT-0333.aus.gjames.com.au"
"20HCS0K100","LENOVO","GJLT-0333.aus.gjames.com.au"
"HP ZBook Fury 16 G9 Mobile Workstation PC","HP","GJPC-0468.aus.gjames.com.au"
"HP ZBook Fury 16 G9 Mobile Workstation PC","HP","GJPC-0468.aus.gjames.com.au"
"Surface Pro","Microsoft Corporation","GJTA-0607.aus.gjames.com.au"
"Surface Pro","Microsoft Corporation","GJTA-0607.aus.gjames.com.au"
"Surface Pro","Microsoft Corporation","GJTA-0607.aus.gjames.com.au"
"HP EliteBook x360 1040 G8 Notebook PC","HP","GJLT-1401.aus.gjames.com.au"
"HP EliteBook x360 1040 G8 Notebook PC","HP","GJLT-1401.aus.gjames.com.au"
"HP EliteBook 840 14 inch G9 Notebook PC","HP","GJLT-1405.aus.gjames.com.au"
"10M7S0L900","LENOVO","GJWS-0817.aus.gjames.com.au"
"10M7S0L900","LENOVO","GJWS-0919.aus.gjames.com.au"
"10M7S0L900","LENOVO","GJWS-0919.aus.gjames.com.au"
"20J5S24500","LENOVO","GJLT-0334.aus.gjames.com.au"
"20J5S24500","LENOVO","GJLT-0334.aus.gjames.com.au"
"HP Elite x360 1040 14 inch G9 2-in-1 Notebook PC","HP","GJPC-0464.aus.gjames.com.au"
"20J5S24500","LENOVO","GJPC-0084.aus.gjames.com.au"
"Surface Book 3","Microsoft Corporation","GJTA-GJLT-4064.aus.gjames.com.au"
"HP EliteBook 840 14 inch G9 Notebook PC","HP","GJPC-0466.aus.gjames.com.au"
"HP EliteBook 840 14 inch G9 Notebook PC","HP","GJPC-0076.aus.gjames.com.au"
"10M7S0L900","LENOVO","GJWS-0824.aus.gjames.com.au"
"HP Z240 SFF Workstation","HP","GJWS-0579.aus.gjames.com.au"
"HP Z240 SFF Workstation","HP","GJWS-0579.aus.gjames.com.au"
"IC3D Series 3.4","Central Innovation","GJWS-4015.aus.gjames.com.au"
"IC3D Series 3.4","Central Innovation","GJWS-4015.aus.gjames.com.au"
"HP Z240 SFF Workstation","HP","GJWS-0618.aus.gjames.com.au"
"HP Z240 SFF Workstation","HP","GJWS-0618.aus.gjames.com.au"
"HP EliteBook 840 14 inch G9 Notebook PC","HP","GJPC-0457.aus.gjames.com.au"
"HP EliteBook 840 14 inch G9 Notebook PC","HP","GJPC-0457.aus.gjames.com.au"
"20HCS0K100","LENOVO","GJLT-0623.aus.gjames.com.au"
"20J5S24500","LENOVO","GJLT-0425.aus.gjames.com.au"
"20J5S24500","LENOVO","GJLT-0425.aus.gjames.com.au"
"Surface Pro","Microsoft Corporation","GJTA-0626.aus.gjames.com.au"
"Surface Pro","Microsoft Corporation","GJTA-0626.aus.gjames.com.au"
"HP EliteBook x360 1040 G8 Notebook PC","HP","GJPC-0079.aus.gjames.com.au"
"20J5S24500","LENOVO","GJLT-1055.aus.gjames.com.au"
"30BGS19800","LENOVO","GJWS-1087.aus.gjames.com.au"
"30BGS19800","LENOVO","GJWS-1087.aus.gjames.com.au"
"10M7S0L900","LENOVO","GJWS-0468.aus.gjames.com.au"
"10M7S0L900","LENOVO","GJWS-1115.aus.gjames.com.au"
"HP ZBook Fury 16 G9 Mobile Workstation PC","HP","GJPC-0428.aus.gjames.com.au"
"HP ZBook Fury 16 G9 Mobile Workstation PC","HP","GJPC-0428.aus.gjames.com.au"
"20HCS0K100","LENOVO","GJLT-1171.aus.gjames.com.au"
"20HCS0K100","LENOVO","GJLT-1171.aus.gjames.com.au"
"HP EliteBook x360 1040 G8 Notebook PC","HP","GJLT-1428.aus.gjames.com.au"
"HP EliteBook x360 1040 G8 Notebook PC","HP","GJLT-1428.aus.gjames.com.au"
"10M7S0L900","LENOVO","GJWS-0934.aus.gjames.com.au"
"HP EliteBook 840 G8 Notebook PC","HP","GJPC-0175.aus.gjames.com.au"
"HP EliteBook 840 G8 Notebook PC","HP","GJPC-0175.aus.gjames.com.au"
"HP EliteBook 840 14 inch G9 Notebook PC","HP","GJPC-0415.aus.gjames.com.au"
"HP EliteBook 840 14 inch G9 Notebook PC","HP","GJPC-0466.aus.gjames.com.au"
"HP EliteBook 840 14 inch G9 Notebook PC","HP","GJPC-0466.aus.gjames.com.au"
"HP EliteBook x360 1040 G8 Notebook PC","HP","GJLT-1614.aus.gjames.com.au"
"HP EliteBook x360 1040 G8 Notebook PC","HP","GJLT-1614.aus.gjames.com.au"
"HP Z240 SFF Workstation","HP","GJWS-4001.aus.gjames.com.au"
"HP Z240 SFF Workstation","HP","GJWS-4001.aus.gjames.com.au"
"HP EliteBook x360 1040 G8 Notebook PC","HP","GJLT-1612.aus.gjames.com.au"
"HP EliteBook x360 1040 G8 Notebook PC","HP","GJLT-1612.aus.gjames.com.au"
"30BGS19800","LENOVO","GJWS-1092.aus.gjames.com.au"
"30BGS19800","LENOVO","GJWS-1092.aus.gjames.com.au"
"10M7S0L900","LENOVO","GJWS-1136.aus.gjames.com.au"
"20N6S04A00","LENOVO","GJLT-1549.aus.gjames.com.au"
"20N6S04A00","LENOVO","GJLT-1549.aus.gjames.com.au"
"HP EliteBook 840 14 inch G9 Notebook PC","HP","GJPC-0312.aus.gjames.com.au"
"HP EliteBook 840 14 inch G9 Notebook PC","HP","GJPC-0312.aus.gjames.com.au"
"20J5S24500","LENOVO","GJLT-0944.aus.gjames.com.au"
"20HCS0K100","LENOVO","GJLT-0394.aus.gjames.com.au"
"20HCS0K100","LENOVO","GJLT-0394.aus.gjames.com.au"
"HP EliteBook 840 G8 Notebook PC","HP","GJLT-1658.aus.gjames.com.au"
"HP EliteBook 840 G8 Notebook PC","HP","GJLT-1658.aus.gjames.com.au"
"HP EliteBook x360 1040 G8 Notebook PC","HP","GJPC-0143.aus.gjames.com.au"
"HP EliteBook x360 1040 G8 Notebook PC","HP","GJPC-0143.aus.gjames.com.au"
"20HCS0K100","LENOVO","GJLT-0548.aus.gjames.com.au"
"20HCS0K100","LENOVO","GJLT-0548.aus.gjames.com.au"
"HP EliteBook 840 14 inch G9 Notebook PC","HP","GJPC-0395.aus.gjames.com.au"
"HP EliteBook x360 1040 G8 Notebook PC","HP","GJLT-1686.aus.gjames.com.au"
"HP EliteBook x360 1040 G8 Notebook PC","HP","GJLT-1686.aus.gjames.com.au"
"HP ZBook Firefly 16 inch G9 Mobile Workstation PC","HP","GJPC-0357.aus.gjames.com.au"
"HP ZBook Firefly 16 inch G9 Mobile Workstation PC","HP","GJPC-0357.aus.gjames.com.au"
"10M7S0L900","LENOVO","GJWS-0751.aus.gjames.com.au"
"10M7S0L900","LENOVO","GJWS-0751.aus.gjames.com.au"
"10M7S0L900","LENOVO","GJWS-1119.aus.gjames.com.au"
"HP EliteBook 840 G8 Notebook PC","HP","GJLT-1690.aus.gjames.com.au"
"20HCS0K100","LENOVO","GJLT-1197.aus.gjames.com.au"
"20HCS0K100","LENOVO","GJLT-1197.aus.gjames.com.au"
"HP EliteBook 840 14 inch G9 Notebook PC","HP","GJPC-0249.aus.gjames.com.au"
"HP EliteBook 840 14 inch G9 Notebook PC","HP","GJPC-0249.aus.gjames.com.au"
"20J5S24500","LENOVO","GJLT-1022.aus.gjames.com.au"
"20J5S24500","LENOVO","GJLT-1022.aus.gjames.com.au"
"30BGS4EE00","LENOVO","GJWS-0880.aus.gjames.com.au"
"30BGS4EE00","LENOVO","GJWS-0880.aus.gjames.com.au"
"20HCS0K100","LENOVO","GJLT-0360.aus.gjames.com.au"
"20HMS04600","LENOVO","GJLT-0382.aus.gjames.com.au"
"20HMS04600","LENOVO","GJLT-0382.aus.gjames.com.au"
"20J5S24500","LENOVO","GJLT-1210.aus.gjames.com.au"
"20J5S24500","LENOVO","GJLT-1210.aus.gjames.com.au"
"HP ZBook Firefly 16 inch G9 Mobile Workstation PC","HP","GJPC-0357.aus.gjames.com.au"
"HP EliteBook 840 G8 Notebook PC","HP","GJLT-1663.aus.gjames.com.au"
"HP EliteBook 840 G8 Notebook PC","HP","GJLT-1663.aus.gjames.com.au"
"20J5S24500","LENOVO","GJLT-1165.aus.gjames.com.au"
"20J5S24500","LENOVO","GJLT-1165.aus.gjames.com.au"
"HP ZBook Fury 15.6 inch G8 Mobile Workstation PC","HP","GJLT-1435.aus.gjames.com.au"
"20J5S24500","LENOVO","GJLT-1151.aus.gjames.com.au"
"20J5S24500","LENOVO","GJLT-1151.aus.gjames.com.au"
"HP EliteBook 840 G8 Notebook PC","HP","GJLT-1423.aus.gjames.com.au"
"HP EliteBook x360 1030 G7 Notebook PC","HP","GJPC-0345.aus.gjames.com.au"
"10M7S0L900","LENOVO","GJWS-0535.aus.gjames.com.au"
"20J5S24500","LENOVO","GJLT-1060.aus.gjames.com.au"
"20J5S24500","LENOVO","GJLT-1164.aus.gjames.com.au"
"20J5S24500","LENOVO","GJLT-1164.aus.gjames.com.au"
"20J5S24500","LENOVO","GJLT-0455.aus.gjames.com.au"
"20J5S24500","LENOVO","GJLT-0455.aus.gjames.com.au"
"20HCS0K100","LENOVO","GJLT-4043.aus.gjames.com.au"
"10M7S0L900","LENOVO","GJWS-0966.aus.gjames.com.au"
"20LBS03V00","LENOVO","GJLT-1523.aus.gjames.com.au"
"20LBS03V00","LENOVO","GJLT-1523.aus.gjames.com.au"
"HP Elite x360 1040 14 inch G9 2-in-1 Notebook PC","HP","GJPC-0075.aus.gjames.com.au"
"HP Elite x360 1040 14 inch G9 2-in-1 Notebook PC","HP","GJPC-0075.aus.gjames.com.au"
"HP EliteBook x360 1040 G8 Notebook PC","HP","GJLT-1645.aus.gjames.com.au"
"HP EliteBook x360 1040 G8 Notebook PC","HP","GJLT-1645.aus.gjames.com.au"
"HP EliteBook x360 1040 G8 Notebook PC","HP","GJLT-1650.aus.gjames.com.au"
"20HCS0K100","LENOVO","GJLT-0358.aus.gjames.com.au"
"20HCS0K100","LENOVO","GJLT-0335.aus.gjames.com.au"
"20HCS0K100","LENOVO","GJLT-0335.aus.gjames.com.au"
"20J5S24500","LENOVO","GJLT-0604.aus.gjames.com.au"
"20J5S24500","LENOVO","GJLT-0604.aus.gjames.com.au"
"HP ZBook Fury 15.6 inch G8 Mobile Workstation PC","HP","GJLT-1636.aus.gjames.com.au"
"HP ZBook Fury 15.6 inch G8 Mobile Workstation PC","HP","GJLT-1636.aus.gjames.com.au"
"20HCS0K100","LENOVO","GJLT-0520.aus.gjames.com.au"
"10M7S0L900","LENOVO","GJWS-0981.aus.gjames.com.au"
"20J5S24500","LENOVO","GJLT-0852.aus.gjames.com.au"
"System Product Name","System manufacturer","GJWS-4047.aus.gjames.com.au"
"System Product Name","System manufacturer","GJWS-4047.aus.gjames.com.au"
"HP EliteBook 840 14 inch G9 Notebook PC","HP","GJPC-0458.aus.gjames.com.au"
"HP EliteBook 840 14 inch G9 Notebook PC","HP","GJPC-0458.aus.gjames.com.au"
"20J5S24500","LENOVO","GJLT-0331.aus.gjames.com.au"
"20J5S24500","LENOVO","GJLT-0331.aus.gjames.com.au"
"20J5S24500","LENOVO","GJLT-0869.aus.gjames.com.au"
"20J5S24500","LENOVO","GJLT-0869.aus.gjames.com.au"
"20J5S24500","LENOVO","GJLT-0994.aus.gjames.com.au"
"20J5S24500","LENOVO","GJLT-0994.aus.gjames.com.au"
"10M7S0L900","LENOVO","GJWS-1180.aus.gjames.com.au"
"10M7S0L900","LENOVO","GJWS-1129.aus.gjames.com.au"
"10M7S0L900","LENOVO","GJWS-1176.aus.gjames.com.au"
"10M7S0L900","LENOVO","GJWS-0750.aus.gjames.com.au"
"10M7S0L900","LENOVO","GJWS-1012.aus.gjames.com.au"
"20J5S24500","LENOVO","GJLT-0781.aus.gjames.com.au"
"20J5S24500","LENOVO","GJLT-0781.aus.gjames.com.au"
"20J5S24500","LENOVO","GJLT-0436.aus.gjames.com.au"
"20J5S24500","LENOVO","GJLT-0436.aus.gjames.com.au"
"20HCS0K100","LENOVO","GJLT-0335.aus.gjames.com.au"
"20HCS0K100","LENOVO","GJLT-0335.aus.gjames.com.au"
"30BGS19800","LENOVO","GJWS-0586.aus.gjames.com.au"
"HP EliteBook 840 G8 Notebook PC","HP","GJLT-1654.aus.gjames.com.au"
"HP EliteBook 840 G8 Notebook PC","HP","GJLT-1654.aus.gjames.com.au"
"HP EliteBook 840 14 inch G9 Notebook PC","HP","GJPC-0443.aus.gjames.com.au"
"HP EliteBook 840 14 inch G9 Notebook PC","HP","GJPC-0443.aus.gjames.com.au"
"20J5S24500","LENOVO","GJLT-1188.aus.gjames.com.au"
"20J5S24500","LENOVO","GJLT-1188.aus.gjames.com.au"
"HP Z240 SFF Workstation","HP","GJWS-0561.aus.gjames.com.au"
"HP Z240 SFF Workstation","HP","GJWS-0561.aus.gjames.com.au"
"10M7S0L900","LENOVO","GJWS-0703.aus.gjames.com.au"
"10M7S0L900","LENOVO","GJWS-0495.aus.gjames.com.au"
"30CYS0U500","LENOVO","GJWS-1545.aus.gjames.com.au"
"30CYS0U500","LENOVO","GJWS-1545.aus.gjames.com.au"
"HP ZBook Fury 15.6 inch G8 Mobile Workstation PC","HP","GJLT-1441.aus.gjames.com.au"
"HP ZBook Fury 15.6 inch G8 Mobile Workstation PC","HP","GJLT-1441.aus.gjames.com.au"
"10M7S0L900","LENOVO","GJWS-0554.aus.gjames.com.au"
"HP ProDesk 600 G6 Desktop Mini PC","HP","GJWS-1628.aus.gjames.com.au"
"HP EliteBook 840 G8 Notebook PC","HP","GJLT-1657.aus.gjames.com.au"
"10M7S0L900","LENOVO","GJWS-0969.aus.gjames.com.au"
"10M7S0L900","LENOVO","GJWS-0969.aus.gjames.com.au"
"HP Elite Dragonfly G2 Notebook PC","HP","GJLT-1599.aus.gjames.com.au"
"20HCS0K100","LENOVO","GJLT-0426.aus.gjames.com.au"
"20HCS0K100","LENOVO","GJLT-0426.aus.gjames.com.au"
"20J5S24500","LENOVO","GJLT-0882.aus.gjames.com.au"
"10M7S0L900","LENOVO","GJWS-0982.aus.gjames.com.au"
"HP ProDesk 600 G6 Small Form Factor PC","HP","GJWS-1633.aus.gjames.com.au"
"HP ProDesk 600 G6 Small Form Factor PC","HP","GJWS-1633.aus.gjames.com.au"
"20HCS0K100","LENOVO","GJLT-4043.aus.gjames.com.au"
"20HCS0K100","LENOVO","GJLT-0361.aus.gjames.com.au"
"20HCS0K100","LENOVO","GJLT-0361.aus.gjames.com.au"
"20J5S24500","LENOVO","GJLT-0891.aus.gjames.com.au"
"20J5S24500","LENOVO","GJLT-0891.aus.gjames.com.au"
"30BGS19800","LENOVO","GJWS-0975.aus.gjames.com.au"
"HP ProDesk 600 G6 Desktop Mini PC","HP","GJWS-1625.aus.gjames.com.au"
"HP ZBook Fury 15.6 inch G8 Mobile Workstation PC","HP","GJLT-1596.aus.gjames.com.au"
"HP ZBook Fury 15.6 inch G8 Mobile Workstation PC","HP","GJLT-1596.aus.gjames.com.au"
"10M7S0L900","LENOVO","GJWS-0729.aus.gjames.com.au"
"HP EliteBook 840 14 inch G9 Notebook PC","HP","GJPC-0466.aus.gjames.com.au"
"10M7S0L900","LENOVO","GJWS-0557.aus.gjames.com.au"
"10M7S0L900","LENOVO","GJWS-0795.aus.gjames.com.au"
"HP EliteBook 840 14 inch G9 Notebook PC","HP","GJPC-0394.aus.gjames.com.au"
"HP EliteBook 840 14 inch G9 Notebook PC","HP","GJPC-0394.aus.gjames.com.au"
"20HCS0K100","LENOVO","GJLT-4000.aus.gjames.com.au"
"20HCS0K100","LENOVO","GJLT-4000.aus.gjames.com.au"
"HP Elite x360 1040 14 inch G9 2-in-1 Notebook PC","HP","GJPC-0293.aus.gjames.com.au"
"HP Elite x360 1040 14 inch G9 2-in-1 Notebook PC","HP","GJPC-0293.aus.gjames.com.au"
"HP Elite x360 1040 14 inch G9 2-in-1 Notebook PC","HP","GJPC-0293.aus.gjames.com.au"
"10M7S0L900","LENOVO","GJWS-0330.aus.gjames.com.au"
"10M7S0L900","LENOVO","GJWS-1005.aus.gjames.com.au"
"10M7S0L900","LENOVO","GJWS-1008.aus.gjames.com.au"
"HP EliteBook 840 G8 Notebook PC","HP","GJLT-1653.aus.gjames.com.au"
"20J5S24500","LENOVO","GJLT-1158.aus.gjames.com.au"
"20J5S24500","LENOVO","GJLT-1158.aus.gjames.com.au"
"20J5S24500","LENOVO","GJLT-1148.aus.gjames.com.au"
"20J5S24500","LENOVO","GJLT-1148.aus.gjames.com.au"
"20J5S24500","LENOVO","GJLT-0303.aus.gjames.com.au"
"20J5S24500","LENOVO","GJLT-0303.aus.gjames.com.au"
"10M7S0L900","LENOVO","GJWS-0917.aus.gjames.com.au"
"20J5S24500","LENOVO","GJLT-0972.aus.gjames.com.au"
"30BGS19800","LENOVO","GJWS-0590.aus.gjames.com.au"
"30BGS19800","LENOVO","GJWS-0590.aus.gjames.com.au"
"10M7S0L900","LENOVO","GJWS-0372.aus.gjames.com.au"
"10M7S0L900","LENOVO","GJWS-0372.aus.gjames.com.au"
"HP EliteBook 840 14 inch G9 Notebook PC","HP","GJPC-NG4mnhSe53.aus.gjames.com.au"
"HP EliteBook 840 14 inch G9 Notebook PC","HP","GJPC-NG4mnhSe53.aus.gjames.com.au"
"HP EliteBook x360 1040 G8 Notebook PC","HP","GJLT-1610.aus.gjames.com.au"
"HP EliteBook x360 1040 G8 Notebook PC","HP","GJLT-1610.aus.gjames.com.au"
"10M7S0L900","LENOVO","GJWS-0708.aus.gjames.com.au"
"HP EliteBook 840 14 inch G9 Notebook PC","HP","GJPC-0441.aus.gjames.com.au"
"HP EliteBook 840 14 inch G9 Notebook PC","HP","GJPC-0441.aus.gjames.com.au"
"HP EliteBook 840 G8 Notebook PC","HP","GJLT-1684.aus.gjames.com.au"
"HP EliteBook 840 G8 Notebook PC","HP","GJLT-1684.aus.gjames.com.au"
"20HCS0K100","LENOVO","GJLT-0467.aus.gjames.com.au"
"20HCS0K100","LENOVO","GJLT-0467.aus.gjames.com.au"
"HP EliteBook 840 14 inch G9 Notebook PC","HP","GJPC-0273.aus.gjames.com.au"
"20HCS0K100","LENOVO","GJLT-0325.aus.gjames.com.au"
"20HCS0K100","LENOVO","GJLT-0325.aus.gjames.com.au"
"20J5S24500","LENOVO","GJLT-0883.aus.gjames.com.au"
"20J5S24500","LENOVO","GJLT-1194.aus.gjames.com.au"
"20J5S24500","LENOVO","GJLT-1194.aus.gjames.com.au"
"20J5S24500","LENOVO","GJLT-0720.aus.gjames.com.au"
"20J5S24500","LENOVO","GJLT-0720.aus.gjames.com.au"
"10M7S0L900","LENOVO","GJWS-1131.aus.gjames.com.au"
"20J5S24500","LENOVO","GJLT-0990.aus.gjames.com.au"
"10M7S0L900","LENOVO","GJWS-1002.aus.gjames.com.au"
"20J5S24500","LENOVO","GJLT-1148.aus.gjames.com.au"
"20J5S24500","LENOVO","GJLT-1148.aus.gjames.com.au"
"HP EliteBook 650 15.6 inch G9 Notebook PC","HP","GJLT-1689.aus.gjames.com.au"
"20J5S24500","LENOVO","GJLT-1163.aus.gjames.com.au"
"20J5S24500","LENOVO","GJLT-1163.aus.gjames.com.au"
"HP ZBook Fury 15.6 inch G8 Mobile Workstation PC","HP","GJLT-1640.aus.gjames.com.au"
"HP EliteBook 840 14 inch G9 Notebook PC","HP","GJPC-0484.aus.gjames.com.au"
"HP EliteBook 840 14 inch G9 Notebook PC","HP","GJPC-0484.aus.gjames.com.au"
"HP EliteBook 840 14 inch G9 Notebook PC","HP","GJPC-0487.aus.gjames.com.au"
"HP EliteBook 840 14 inch G9 Notebook PC","HP","GJPC-0487.aus.gjames.com.au"
"10M7S0L900","LENOVO","GJWS-0710.aus.gjames.com.au"
"10M7S0L900","LENOVO","GJWS-0726.aus.gjames.com.au"
"10M7S0L900","LENOVO","GJWS-0726.aus.gjames.com.au"
"HP EliteBook 840 14 inch G9 Notebook PC","HP","GJPC-0421.aus.gjames.com.au"
"HP EliteBook 840 14 inch G9 Notebook PC","HP","GJPC-0421.aus.gjames.com.au"
"HP ProDesk 600 G6 Desktop Mini PC","HP","GJWS-1590.aus.gjames.com.au"
"20J5S24500","LENOVO","GJLT-0882.aus.gjames.com.au"
"20J5S24500","LENOVO","GJLT-0882.aus.gjames.com.au"
"HP EliteBook x360 1040 G8 Notebook PC","HP","GJPC-0143.aus.gjames.com.au"
"20J5S24500","LENOVO","GJLT-0420.aus.gjames.com.au"
"HP Z240 SFF Workstation","HP","GJWS-4003.aus.gjames.com.au"
"HP Z240 SFF Workstation","HP","GJWS-4003.aus.gjames.com.au"
"HP ZBook Fury 17 G7 Mobile Workstation","HP","GJLT-1583.aus.gjames.com.au"
"HP ZBook Fury 17 G7 Mobile Workstation","HP","GJLT-1583.aus.gjames.com.au"
"30BGS19800","LENOVO","GJWS-0977.aus.gjames.com.au"
"30BGS19800","LENOVO","GJWS-0977.aus.gjames.com.au"
"10M7S0L900","LENOVO","GJWS-0908.aus.gjames.com.au"
"HP EliteBook 840 14 inch G9 Notebook PC","HP","GJPC-0160.aus.gjames.com.au"
"30BGS2WJ00","LENOVO","GJPC-0410.aus.gjames.com.au"
"HP EliteBook 840 14 inch G9 Notebook PC","HP","GJPC-0266.aus.gjames.com.au"
"HP EliteBook 840 14 inch G9 Notebook PC","HP","GJPC-0266.aus.gjames.com.au"
"20J5S24500","LENOVO","GJLT-0717.aus.gjames.com.au"
"20J5S24500","LENOVO","GJLT-0717.aus.gjames.com.au"
"HP EliteBook 840 14 inch G9 Notebook PC","HP","GJPC-0211.aus.gjames.com.au"
"HP EliteBook 840 14 inch G9 Notebook PC","HP","GJPC-0211.aus.gjames.com.au"
"HP EliteBook 840 G8 Notebook PC","HP","GJLT-1664.aus.gjames.com.au"
"HP EliteBook 840 G8 Notebook PC","HP","GJLT-1664.aus.gjames.com.au"
"HP EliteBook 840 14 inch G9 Notebook PC","HP","GJPC-0366.aus.gjames.com.au"
"HP EliteBook 840 14 inch G9 Notebook PC","HP","GJPC-0366.aus.gjames.com.au"
"10M7S0L900","LENOVO","GJWS-0801.aus.gjames.com.au"
"System Product Name","System manufacturer","GJWS-4046.aus.gjames.com.au"
"System Product Name","System manufacturer","GJWS-4046.aus.gjames.com.au"
"HP EliteBook 840 G8 Notebook PC","HP","GJLT-1666.aus.gjames.com.au"
"HP EliteBook 840 14 inch G9 Notebook PC","HP","GJPC-0151.aus.gjames.com.au"
"20J5S24500","LENOVO","GJLT-0717.aus.gjames.com.au"
"20J5S24500","LENOVO","GJLT-0717.aus.gjames.com.au"
"10M7S0L900","LENOVO","GJWS-1019.aus.gjames.com.au"
"10M7S0L900","LENOVO","GJWS-1014.aus.gjames.com.au"
"10M7S0L900","LENOVO","GJWS-1017.aus.gjames.com.au"
"20HCS0K100","LENOVO","GJLT-0394.aus.gjames.com.au"
"20HCS0K100","LENOVO","GJLT-0394.aus.gjames.com.au"
"10M7S0L900","LENOVO","GJWS-0704.aus.gjames.com.au"
"10M7S0L900","LENOVO","GJWS-0908.aus.gjames.com.au"
"HP EliteBook 840 14 inch G9 Notebook PC","HP","GJPC-0151.aus.gjames.com.au"
"HP EliteBook 840 14 inch G9 Notebook PC","HP","GJPC-0151.aus.gjames.com.au"
"HP EliteBook 840 14 inch G9 Notebook PC","HP","GJPC-NG4mnhSe53.aus.gjames.com.au"
"10M7S0L900","LENOVO","GJWS-0492.aus.gjames.com.au"
"10M7S0L900","LENOVO","GJWS-0492.aus.gjames.com.au"
"30BGS2WJ00","LENOVO","GJWS-1099.aus.gjames.com.au"
"30BGS2WJ00","LENOVO","GJWS-1099.aus.gjames.com.au"
"20LSS0DD00","LENOVO","GJLT-1539.aus.gjames.com.au"
"HP EliteBook 840 G8 Notebook PC","HP","GJLT-1660.aus.gjames.com.au"
"10M7S0L900","LENOVO","GJWS-1016.aus.gjames.com.au"
"System Product Name","System manufacturer","GJWS-4014.aus.gjames.com.au"
"System Product Name","System manufacturer","GJWS-4014.aus.gjames.com.au"
"20LSS0DD00","LENOVO","GJLT-1516.aus.gjames.com.au"
"20LSS0DD00","LENOVO","GJLT-1516.aus.gjames.com.au"
"HP EliteBook 840 14 inch G9 Notebook PC","HP","GJPC-0129.aus.gjames.com.au"
"30BGS19800","LENOVO","GJWS-1088.aus.gjames.com.au"
"30BGS2WJ00","LENOVO","GJWS-1097.aus.gjames.com.au"
"30BGS2WJ00","LENOVO","GJWS-1097.aus.gjames.com.au"
"20J5S24500","LENOVO","GJLT-0604.aus.gjames.com.au"
"20J5S24500","LENOVO","GJLT-0604.aus.gjames.com.au"
"20J5S24500","LENOVO","GJPC-0170.aus.gjames.com.au"
"20J5S24500","LENOVO","GJPC-0170.aus.gjames.com.au"
"HP EliteDesk 800 G8 Desktop Mini PC","HP","GJPC-0131.aus.gjames.com.au"
"HP EliteDesk 800 G8 Desktop Mini PC","HP","GJPC-0131.aus.gjames.com.au"
"20J5S24500","LENOVO","GJLT-0404.aus.gjames.com.au"
"20J5S24500","LENOVO","GJLT-0404.aus.gjames.com.au"
"HP EliteBook 840 G8 Notebook PC","HP","GJLT-1694.aus.gjames.com.au"
"HP EliteBook 840 G8 Notebook PC","HP","GJLT-1694.aus.gjames.com.au"
"HP EliteBook 840 14 inch G9 Notebook PC","HP","GJPC-0447.aus.gjames.com.au"
"HP EliteBook 840 14 inch G9 Notebook PC","HP","GJPC-0447.aus.gjames.com.au"
"HP EliteDesk 800 G8 Desktop Mini PC","HP","GJPC-0474.aus.gjames.com.au"
"20J5S24500","LENOVO","GJLT-0992.aus.gjames.com.au"
"20J5S24500","LENOVO","GJLT-0992.aus.gjames.com.au"
"HP EliteBook x360 1040 G8 Notebook PC","HP","GJLT-1610.aus.gjames.com.au"
"HP EliteBook x360 1040 G8 Notebook PC","HP","GJLT-1610.aus.gjames.com.au"
"30BGS19800","LENOVO","GJWS-4025.aus.gjames.com.au"
"30BGS19800","LENOVO","GJWS-4025.aus.gjames.com.au"
"30BGS19800","LENOVO","GJWS-4025.aus.gjames.com.au"
"HP EliteBook 840 G8 Notebook PC","HP","GJLT-1660.aus.gjames.com.au"
"HP EliteBook 840 14 inch G9 Notebook PC","HP","GJPC-0150.aus.gjames.com.au"
"HP EliteBook 840 14 inch G9 Notebook PC","HP","GJPC-0150.aus.gjames.com.au"
"10M7S0L900","LENOVO","GJWS-0709.aus.gjames.com.au"
"10M7S0L900","LENOVO","GJWS-0398.aus.gjames.com.au"
"10M7S0L900","LENOVO","GJWS-0398.aus.gjames.com.au"
"20J5S24500","LENOVO","GJLT-1027.aus.gjames.com.au"
"20J5S24500","LENOVO","GJLT-1027.aus.gjames.com.au"
"HP ZBook Firefly 16 inch G9 Mobile Workstation PC","HP","GJPC-0357.aus.gjames.com.au"
"30BGS19800","LENOVO","GJWS-0589.aus.gjames.com.au"
"HP EliteDesk 800 G8 Desktop Mini PC","HP","GJWS-1682.aus.gjames.com.au"
"10M7S0L900","LENOVO","GJWS-0822.aus.gjames.com.au"
"10ST000CAU","LENOVO","GJWS-1522.aus.gjames.com.au"
"10ST000CAU","LENOVO","GJWS-1522.aus.gjames.com.au"
"HP Z240 SFF Workstation","HP","GJWS-0620.aus.gjames.com.au"
"HP Z240 SFF Workstation","HP","GJWS-0620.aus.gjames.com.au"
"HP Z240 SFF Workstation","HP","GJWS-0488.aus.gjames.com.au"
"HP Z240 SFF Workstation","HP","GJWS-0488.aus.gjames.com.au"
"10M7S0L900","LENOVO","GJWS-0983.aus.gjames.com.au"
"10M7S0L900","LENOVO","GJWS-0983.aus.gjames.com.au"
"20J5S24500","LENOVO","GJLT-0530.aus.gjames.com.au"
"10M7S0L900","LENOVO","GJWS-0741.aus.gjames.com.au"
"HP Z440 Workstation","Hewlett-Packard","GJWS-0553.aus.gjames.com.au"
"HP Z440 Workstation","Hewlett-Packard","GJWS-0553.aus.gjames.com.au"
"HP EliteBook 840 G8 Notebook PC","HP","GJLT-1685.aus.gjames.com.au"
"HP EliteBook 840 G8 Notebook PC","HP","GJLT-1685.aus.gjames.com.au"
"10M7S0L900","LENOVO","GJWS-0525.aus.gjames.com.au"
"20J5S24500","LENOVO","GJLT-0498.aus.gjames.com.au"
"20J5S24500","LENOVO","GJLT-0783.aus.gjames.com.au"
"20J5S24500","LENOVO","GJLT-0783.aus.gjames.com.au"
"10M7S0L900","LENOVO","GJWS-0545.aus.gjames.com.au"
"20J5S24500","LENOVO","GJLT-1009.aus.gjames.com.au"
"20J5S24500","LENOVO","GJLT-1009.aus.gjames.com.au"
"HP EliteBook 840 G8 Notebook PC","HP","GJLT-1655.aus.gjames.com.au"
"HP EliteBook 840 G8 Notebook PC","HP","GJLT-1655.aus.gjames.com.au"
"20J5S24500","LENOVO","GJLT-0957.aus.gjames.com.au"
"10M7S0L900","LENOVO","GJWS-0397.aus.gjames.com.au"
"20J5S24500","LENOVO","GJLT-0528.aus.gjames.com.au"
"20J5S24500","LENOVO","GJLT-0528.aus.gjames.com.au"
"10M7S0L900","LENOVO","GJWS-0928.aus.gjames.com.au"
"10M7S0L900","LENOVO","GJWS-0928.aus.gjames.com.au"
"10M7S0L900","LENOVO","GJWS-1185.aus.gjames.com.au"
"20J5S24500","LENOVO","GJLT-0828.aus.gjames.com.au"
"20J5S24500","LENOVO","GJLT-1061.aus.gjames.com.au"
"20J5S24500","LENOVO","GJLT-1061.aus.gjames.com.au"
"10M7S0L900","LENOVO","GJWS-0565.aus.gjames.com.au"
"10M7S0L900","LENOVO","GJWS-0888.aus.gjames.com.au"
"HP ZBook Firefly 16 inch G9 Mobile Workstation PC","HP","GJPC-0357.aus.gjames.com.au"
"10M7S0L900","LENOVO","GJWS-1041.aus.gjames.com.au"
"20HCS0K100","LENOVO","GJLT-1400.aus.gjames.com.au"
"10M7S0L900","LENOVO","GJWS-0756.aus.gjames.com.au"
"20HCS0K100","LENOVO","GJLT-1102.aus.gjames.com.au"
"20HCS0K100","LENOVO","GJLT-1102.aus.gjames.com.au"
"10M7S0L900","LENOVO","GJWS-0705.aus.gjames.com.au"
"30BGS19800","LENOVO","GJWS-1086.aus.gjames.com.au"
"20J5S24500","LENOVO","GJLT-1191.aus.gjames.com.au"
"20J5S24500","LENOVO","GJLT-1036.aus.gjames.com.au"
"20J5S24500","LENOVO","GJLT-1036.aus.gjames.com.au"
"10M7S0L900","LENOVO","GJWS-1065.aus.gjames.com.au"
"10M7S0L900","LENOVO","GJWS-0845.aus.gjames.com.au"
"20J5S24500","LENOVO","GJLT-0872.aus.gjames.com.au"
"20J5S24500","LENOVO","GJLT-0872.aus.gjames.com.au"
"20J5S24500","LENOVO","GJLT-0806.aus.gjames.com.au"
"20J5S24500","LENOVO","GJLT-0806.aus.gjames.com.au"
"20J5S24500","LENOVO","GJLT-0329.aus.gjames.com.au"
"20J5S24500","LENOVO","GJLT-0329.aus.gjames.com.au"
"10M7S0L900","LENOVO","GJWS-0759.aus.gjames.com.au"
"20HCS0K100","LENOVO","GJLT-0332.aus.gjames.com.au"
"20HCS0K100","LENOVO","GJLT-0332.aus.gjames.com.au"
"10M7S0L900","LENOVO","GJWS-0446.aus.gjames.com.au"
"20J5S24500","LENOVO","GJLT-0406.aus.gjames.com.au"
"20J5S24500","LENOVO","GJLT-0406.aus.gjames.com.au"
"10M7S0L900","LENOVO","GJWS-0823.aus.gjames.com.au"
"20J5S24500","LENOVO","GJLT-0405.aus.gjames.com.au"
"20J5S24500","LENOVO","GJLT-0405.aus.gjames.com.au"
"20J5S24500","LENOVO","GJLT-0405.aus.gjames.com.au"
"20J5S24500","LENOVO","GJLT-0405.aus.gjames.com.au"
"20LBS03V00","LENOVO","GJLT-1524.aus.gjames.com.au"
"20LBS03V00","LENOVO","GJLT-1524.aus.gjames.com.au"
"20HCS0K100","LENOVO","GJLT-0320.aus.gjames.com.au"
"20HCS0K100","LENOVO","GJLT-0320.aus.gjames.com.au"
"20HCS0K100","LENOVO","GJLT-0320.aus.gjames.com.au"
"10M7S0L900","LENOVO","GJWS-0556.aus.gjames.com.au"
"10M7S0L900","LENOVO","GJWS-0556.aus.gjames.com.au"
"10M7S0L900","LENOVO","GJWS-0712.aus.gjames.com.au"
"20HCS0K100","LENOVO","GJLT-0374.aus.gjames.com.au"
"20HCS0K100","LENOVO","GJLT-0374.aus.gjames.com.au"
"10M7S0L900","LENOVO","GJWS-0950.aus.gjames.com.au"
"30BGS19800","LENOVO","GJWS-1089.aus.gjames.com.au"
"20LSS0DD00","LENOVO","GJLT-1520.aus.gjames.com.au"
"20LSS0DD00","LENOVO","GJLT-1520.aus.gjames.com.au"
"10M7S0L900","LENOVO","GJWS-0841.aus.gjames.com.au"
"20J5S24500","LENOVO","GJLT-0890.aus.gjames.com.au"
"20J5S24500","LENOVO","GJLT-0890.aus.gjames.com.au"
"20HCS0K100","LENOVO","GJLT-1172.aus.gjames.com.au"
"20HCS0K100","LENOVO","GJLT-1172.aus.gjames.com.au"
"20J5S24500","LENOVO","GJLT-1163.aus.gjames.com.au"
"20J5S24500","LENOVO","GJLT-0530.aus.gjames.com.au"
"20J5S24500","LENOVO","GJLT-0530.aus.gjames.com.au"
"30BGS4EE00","LENOVO","GJPC-0425.aus.gjames.com.au"
"10M7S0L900","LENOVO","GJWS-1011.aus.gjames.com.au"
"20HJS2AV00","LENOVO","GJLT-0637.aus.gjames.com.au"
"20HJS2AV00","LENOVO","GJLT-0637.aus.gjames.com.au"
"20J5S24500","LENOVO","GJLT-1031.aus.gjames.com.au"
"10M7S0L900","LENOVO","GJWS-1147.aus.gjames.com.au"
"10M7S0L900","LENOVO","GJWS-0385.aus.gjames.com.au"
"20J5S24500","LENOVO","GJLT-0941.aus.gjames.com.au"
"20LSS0DD00","LENOVO","GJLT-1539.aus.gjames.com.au"
"10M7S0L900","LENOVO","GJWS-1059.aus.gjames.com.au"
"HP EliteBook 840 14 inch G9 Notebook PC","HP","GJPC-0439.aus.gjames.com.au"
"HP EliteBook x360 1040 G8 Notebook PC","HP","GJLT-1648.aus.gjames.com.au"
"10M7S0L900","LENOVO","GJWS-1126.aus.gjames.com.au"
"20J5S24500","LENOVO","GJLT-1116.aus.gjames.com.au"
"HP EliteBook 840 G8 Notebook PC","HP","GJLT-1622.aus.gjames.com.au"
"HP EliteBook x360 1040 G8 Notebook PC","HP","GJPC-0096.aus.gjames.com.au"
"HP EliteBook x360 1040 G8 Notebook PC","HP","GJPC-0096.aus.gjames.com.au"
"20HCS0K100","LENOVO","GJLT-0529.aus.gjames.com.au"
"20HCS0K100","LENOVO","GJLT-0529.aus.gjames.com.au"
"20J5S24500","LENOVO","GJLT-1164.aus.gjames.com.au"
"HP ZBook Fury 15.6 inch G8 Mobile Workstation PC","HP","GJLT-1640.aus.gjames.com.au"
"HP EliteBook 840 G8 Notebook PC","HP","GJLT-1660.aus.gjames.com.au"
"HP Elite x360 830 13 inch G9 2-in-1 Notebook PC","HP","GJPC-0297.aus.gjames.com.au"
"20HCS0K100","LENOVO","GJLT-0529.aus.gjames.com.au"
"20J5S24500","LENOVO","GJLT-1152.aus.gjames.com.au"
"10M7S0L900","LENOVO","GJPC-0198.aus.gjames.com.au"
"10M7S0L900","LENOVO","GJPC-0198.aus.gjames.com.au"
